VariableName,Title,Unit,Description,DataType,PermittedValues,MinimumValue,MaximumValue,Comments
ODCAccessionNbr,ODC accession number,NA,ODC-SCI assigned accession number (dataset ID); automatically assigned at time of dataset creation,Numeric,NA,NA,NA,
DOI,DOI,NA,DOI assigned to dataset; assigned by ODC-SCI when approved for publication,String,NA,NA,NA,
DatasetTitle,Dataset title,NA,Published dataset title,String,NA,NA,NA,
DatasetTyp,Dataset type,NA,Identifies type of subject data contained in the dataset; datasets may include one or more types of data [Permitted Values: Animal: data produced from animal subjects. Clinical: data produced from human subjects (deidentified). In vitro: data produced from cell culture. Other: data produced from other source (i.e. synthetic and/or derived from previously published source).],Categorical,Animal; Clinical; In vitro; Other,NA,NA,
Year,Publication year,year,Calendar year dataset was published on ODC-SCI,Ordinal,NA,2018,2026,
DatePublished,Publication date,NA,"Date of publication to ODC-SCI Public Space (i.e., activation of DOI by Laboratory PI)",Date,NA,NA,NA,
Laboratory,Laboratory name,NA,Name of the verified laboratory on ODC-SCI that published the dataset,String,NA,NA,NA,
StudyLeader,Study leader,NA,Name of the person(s) responsible for overseeing the project(s) that created the data,String,NA,NA,NA,
SubjectNbrs,Number of unique subjects in dataset,NA,Total number of unique subjects reported in the dataset (animal and/or deidentified human subjects); unique subject IDs associated with in vitro (cell) data are EXCLUDED from this count,Numeric,NA,1,1125,
SpeciesTyp,Species type(s) in dataset,NA,Species type(s) reported in the dataset [Permitted Values: Cat. Human (deidentified). Monkey. Mouse. Pig. Rat],Categorical,Cat; Human (deidentified); Monkey; Mouse; Pig; Rat,NA,NA,
SpeciesStrainTyp,Strain type(s) in dataset,NA,"Strain type(s) reported in the dataset; applies if response to variable ""DatasetTyp"" is ""Animal"" or ""In vitro""",String,NA,NA,NA,
SexTyp,Sex type(s) in dataset,NA,Sex type(s) reported in the dataset [Permitted Values: Female. Male. Unknown: data marked unknown by author. Not reported: data not reported and/or variable missing from dataset.],Categorical,Female; Male; Unknown; Not reported,NA,NA,
AnimalSourceNam,Vendor or origin of the subjects,NA,"Vendor or origin of research subjects reported in the dataset; applies if response to variable ""DatasetTyp"" is ""Animal"" or ""Cell""",String,NA,NA,NA,
AgeVal,Age of subjects (range reported),NA,"Categorised age range of subjects in the dataset; categories approximate different life phases of the subject (binned as months for rodents/cats, years for primates) [Permitted Values if ""DatasetTyp"" is ""Animal"": 0-3 months. 4-6 months. 7-12 months. 12-24 months. 0-4 years. 5-10 years. Permitted Values if ""DatasetTyp"" is ""Clinical"": Adult: 18+ years. Pediatric: <18 years.]",Categorical,0-3 months; 4-6 months; 7-12 months; 12-24 months; 0-4 years; 5-10 years; Adult; Pediatric; Not reported,NA,NA,
BodyWgtMeasrVal,Weight range of subjects,NA,"Weight range of subjects reported in the dataset; timing of reported weight measurement is NOT standardised across datasets to a single specific experimental time/milestone (e.g., injury, treatment, etc.)",String,NA,NA,NA,
InjuryTyp,Type or model of injury,NA,"Type(s) of spinal cord injury reported in the dataset [Permitted Values when ""DatasetTyp"" is ""Animal"": Contusion. Crush. Dorsal column lesion. DLQ: Dorsolateral Quadrant. Hemisection. SNI: Spared Nerve Injury. Transection. Permitted Values when ""DatasetTyp"" is ""Clinical"": Neurologically intact. Non-traumatic. Traumatic. Not reported.]",Categorical,Contusion; Crush; Dorsal column lesion; DLQ; Hemisection; SNI; Transection; Neurologically intact; Non-traumatic; Traumatic; Not reported,NA,NA,
InjuryLevelAnatomical,Anatomical level of spinal cord injury,NA,Anatomical level of spinal cord injury [Permitted Values: Cervical. Thoracic. Lumbar.],Categorical,Cervical; Thoracic; Lumbar,NA,NA,
InjuryLevelSpinal,Spinal cord level of the injury,NA,Spinal cord level at which the injury was assessed (humans) or performed (animals) including segment and number (e.g. C5),String,NA,NA,NA,
InjuryLaterality,Injury laterality,NA,"Laterality of planned SCI lesion (i.e., unilateral, bilateral, midline); applies if response to variable ""DatasetTyp"" is ""Animal""",String,NA,NA,NA,
InjuryDevice,Device used for injury,NA,"Name of the device(s) used for the injury; applies if response to variable ""DatasetTyp"" is ""Animal""",String,NA,NA,NA,
InjurySeverity,Clinical injury severity,NA,"ASIA Impairment Scale score; applies if response to variable ""DatasetTyp"" is ""Clinical."" Individuals without a spinal cord injury (i.e., neurologically intact) do not receive an AIS Grade [Permitted Values: A: Complete - no sensory or motor function is preserved in sacral segments S4-S5, no sacral sparing. B: Sensory Incomplete - sensory but not motor function is preserved below the neurological level and includes sacral segments S4-S5, and no motor function is preserved more than three levels below the motor level on either side of the body. C: Motor Incomplete - motor function is preserved below the neurological level and more than half of the key muscle functions below the neurological level of injury have a muscle grade of less than 3 (Grades 0-2). D: Motor Incomplete - motor function is preserved below the neurological level and at least half (half or more) of the key muscle functions below the neurological level of injury have a muscle grade ≥3. E: Normal - if sensation and motor function are graded as normal in all segments and the patient had prior SCI-related deficits.]",Categorical,A; B; C; D; E,NA,NA,
InjuryContusionDataAvail,Contusion model details,NA,A list of programmed and actual contusion model parameters reported in the dataset and/or dataset metadata [Permitted Values: Force: Actual force reported by impactor. Displacement: Actual measure of spinal cord tissue displacement (dorsal-ventral) reported by impactor. Dwell time: Programmed impactor dwell time. Impactor tip size. Velocity: Actual velocity of impact reported by impactor. Weight. Weight drop height.],Categorical,Force; Displacement; Dwell time; Impactor tip size; Velocity; Weight; Weight drop height,NA,NA,
Locomotion,Locomotor behaviour tests,NA,A list of locomotor behaviour tests [Permitted Values: BBB: Basso-Beattie-Bresnahan locomotor score. BMS: Basso Mouse Scale for locomotion. Catwalk: locomotor/gait analysis. Ladder walking.],Categorical,BBB; BMS; Catwalk; Ladder walking,NA,NA,
OtherBehaviour,Behaviour tests (non-locomotor),NA,A list of non-locomotor behaviour tests reported in dataset,String,NA,NA,NA,
InterventionTyp,Intervention type,NA,Broad classification of intervention type(s) reported in dataset [Permitted Values: Drug/agent. Genetic. Graft/cellular. Neuromodulation. Rehabilitative training. Other.],Categorical,Drug/agent; Genetic; Graft/cellular; Neuromodulation; Rehabilitative training; Other,NA,NA,
InterventionAgent,Intervention agent/details,NA,Name and/or description of intervention agent/technique,String,NA,NA,NA,
AuthorKeywords,Author keywords,NA,Author keywords in metadata,String,NA,NA,NA,
RelatedDatasets,Related datasets,NA,"Related datasets on ODC-SCI (e.g., datasets that contain the same subjects and/or contain related experimental data)",Numeric,NA,26,2000,
Funders,Funders,NA,Funding agencies and/or institutions that provided support for the work described in the dataset,String,NA,NA,NA,
CoDEs,CoDEs,NA,Indicates whether the dataset was published before or after the introduction of the data standards known as the Community Data Elements (CoDEs) [Permitted Values: Pre; Post],Categorical,Pre; Post,NA,NA,
Purpose,Study purpose,NA,Study purpose as described in the metadata,String,NA,NA,NA,
Notes,Notes,NA,Notes,String,NA,NA,NA,